courseId,avg_rating
143,2.625
144,3.125
145,3.588235294117647
146,2.7777777777777777
147,2.933333333333333
148,2.8823529411764706
149,3.0625
150,2.4285714285714284
151,3.4285714285714284
152,2.25
153,3.227272727272727
154,3.2
155,3.076923076923077
156,2.6666666666666665
157,2.909090909090909
158,2.857142857142857
159,3.2857142857142856
160,3.25
161,2.814814814814815
162,3.25
